key	string_addr	string	ref_from	ref_func	ref_type
srt_input	0x949B20	srt_input	0x4673E4	FUN_004673e0	DATA
srt_input	0x94A140	[%s] [srt_input] option 'name' is required	0x468D89	FUN_004688a0	DATA
srt_input	0x94A210	srt_input	0x46742E	FUN_004673f0	DATA
srt_input	0x94A210	srt_input	0x467BE8		DATA
playlist	0x94CAB1	playlist	0x487AF4	FUN_00487af0	DATA
playlist	0x94CAB1	playlist	0x487BC3	FUN_00487b70	DATA
playlist	0x94CAB1	playlist	0x487E00	FUN_00487be0	DATA
playlist	0x94CAB1	playlist	0x487E20	FUN_00487be0	DATA
playlist	0x94CAD0	playlist_name	0x487CBE	FUN_00487be0	DATA
http_server	0x94EB5E	http_server	0x496E34	FUN_00496e30	DATA
http_server	0x94EC21	[http_server %s:%d] %s	0x4982B2	FUN_004981d0	DATA
http_server	0x94EE68	http_server	0x497708	FUN_00497700	DATA
http_server	0x94EE68	http_server	0x496E7E	FUN_00496e40	DATA
http_server	0x94EE98	[http_server %s:%d] :set_login() client instance required	0x49713F	FUN_00496fc0	DATA
http_server	0x94EED8	[http_server %s:%d] :set_login() login required	0x497104	FUN_00496fc0	DATA
http_server	0x94EF08	[http_server %s:%d] :uri_decode() string required	0x4972F4	FUN_00497150	DATA
http_server	0x94EF40	[http_server %s:%d] :data() client instance required	0x4974B8	FUN_00497410	DATA
http_server	0x94EF78	[http_server %s:%d] :remove() wrong argument 1. path required	0x4975CB		DATA
http_server	0x94EFB8	[http_server %s:%d] bind socket to %s:%d failed [%s]	0x497A56	FUN_00497720	DATA
http_server	0x94EFF0	[http_server %s:%d] failed to accept connection	0x497CAF	FUN_00497ba0	DATA
http_server	0x94F020	[http_server %s:%d] failed to allocate SSL connection	0x497CD7	FUN_00497ba0	DATA
http_server	0x94F058	[http_server %s:%d] :get_login() client instance required	0x497D60	FUN_00497cf0	DATA
http_server	0x94F120	[http_server %s:%d] client instance is not released	0x498778	FUN_00498700	DATA
http_server	0x94F158	[http_server %s:%d] sending response to %s:%u failed [%s]	0x49895C	FUN_00498860	DATA
http_server	0x94F198	[http_server %s:%d] sending content to %s:%u failed [%s]	0x498A54	FUN_004989b0	DATA
http_server	0x94F1D8	[http_server %s:%d] loop on on_server_close() client:%p	0x498C10	FUN_00498ab0	DATA
http_server	0x94F210	[http_server %s:%d] :close() client instance required	0x498D24	FUN_00498c60	DATA
http_server	0x94F248	[http_server %s:%d] client %s closed on timeout	0x498D7B	FUN_00498d40	DATA
http_server	0x94F278	[http_server %s:%d] receiving from %s:%u failed [%s]	0x4992F5	FUN_00498da0	DATA
http_server	0x94F2B0	[http_server %s:%d] received data after request	0x4993A1	FUN_00498da0	DATA
http_server	0x94F2E0	[http_server %s:%d] :abort() client instance required	0x4995F1	FUN_004994e0	DATA
http_server	0x94F318	[http_server %s:%d] :abort() code required	0x4995B6	FUN_004994e0	DATA
http_server	0x94F348	[http_server %s:%d] :index() client instance required	0x499836		DATA
http_server	0x94F380	[http_server %s:%d] :index() id required	0x4997FB		DATA
http_server	0x94F3E0	[http_server %s:%d] :redirect() client instance required	0x499A58	FUN_004999c0	DATA
http_server	0x94F420	[http_server %s:%d] :redirect() location required	0x499A91	FUN_004999c0	DATA
http_server	0x94F478	[http_server %s:%d] :send() client instance required	0x499E43	FUN_00499da0	DATA
http_server	0x94F4B0	[http_server %s:%d] :send() failed, instance is busy	0x499DFB	FUN_00499da0	DATA
playlist	0x94FB40	[%s] failed to refresh HLS playlist	0x49EB24	FUN_0049e2e0	DATA
http_server	0x94FC83	http_server/websocket	0x49F4D4	FUN_0049f4d0	DATA
http_server	0x94FDD7	http_server/downstream	0x4A0054	FUN_004a0050	DATA
http_server	0x94FEE0	http_server_stream	0x4A0864	FUN_004a0860	DATA
http_server	0x94FFC0	http_server_stream	0x4A1278	FUN_004a1270	DATA
http_server	0x94FFC0	http_server_stream	0x4A08AE	FUN_004a0870	DATA
http_server	0x94FFDF	@http_server_hls			
http_server	0x9504B0	http_server_hls	0x4A13AE	FUN_004a1370	DATA
http_server	0x9504B0	http_server_hls	0x4A2AC8		DATA
http_server	0x9504C6	N@http_server/playlist_icon			
playlist	0x9504C6	N@http_server/playlist_icon			
playlist	0x9504E8	modules/http/server/playlist_icon.c	0x4A4B17	FUN_004a4850	DATA
playlist	0x950510	failed to send playlist icon [%s]	0x4A4CA7		DATA
http_server	0x950540	http_server_playlist_icon	0x4A47EE	FUN_004a47b0	DATA
playlist	0x950540	http_server_playlist_icon	0x4A47EE	FUN_004a47b0	DATA
http_server	0x950540	http_server_playlist_icon	0x4A4B48		DATA
playlist	0x950540	http_server_playlist_icon	0x4A4B48		DATA
http_server	0x95055A	http_server/playlist_m3u	0x4A4CD4	FUN_004a4cd0	DATA
playlist	0x95055A	http_server/playlist_m3u	0x4A4CD4	FUN_004a4cd0	DATA
playlist	0x9505F0	failed to send m3u playlist [%s]	0x4A547C	FUN_004a5430	DATA
http_server	0x950620	http_server_playlist_m3u	0x4A54A8	FUN_004a54a0	DATA
playlist	0x950620	http_server_playlist_m3u	0x4A54A8	FUN_004a54a0	DATA
http_server	0x950620	http_server_playlist_m3u	0x4A4D1E	FUN_004a4ce0	DATA
playlist	0x950620	http_server_playlist_m3u	0x4A4D1E	FUN_004a4ce0	DATA
http_server	0x950639	http_server/static	0x4A54C4	FUN_004a54c0	DATA
http_server	0x9507F0	http_server_static	0x4A550E	FUN_004a54d0	DATA
http_server	0x9507F0	http_server_static	0x4A5C38		DATA
http_server	0x950850	[http_server] failed to open access log [%s]	0x4A5E49	FUN_004a5df0	DATA
